x1,x2,x3,x4,x5
18.111123267989484,0.9413535720603655,blue,21.461557236715407,24.564564564564563
20.777182965390768,0.9254882601025508,red,50.9811019286979,42.1021021021021
16.419984794385705,0.30857677822338525,blue,6.708702983134573,30.36036036036036
13.491654081695486,0.7397988735986664,red,9.37693608222175,46.75675675675676
18.94383945783266,0.04137615910651404,green,25.216686004245922,28.85885885885886
6.905085356512098,0.8934767495838009,green,6.062177604293495,23.843843843843842
19.195264404503213,0.00404794853091317,green,38.934832457935734,28.31831831831832
24.136736612950912,0.1469761380555349,red,67.99375967919259,30.99099099099099
21.369679538896957,0.5368152632079091,green,26.116198203606416,32.73273273273273
21.363298890264858,0.1168847298126704,green,10.644636995992636,20.51051051051051
6.922644979910492,0.6626642433284414,red,3.2284430074560135,49.57957957957958
25.603923032718733,0.6793171359728725,red,32.637365177141575,20.57057057057057
15.177146152550723,0.7310124933489507,blue,35.319712059049905,39.87987987987988
22.07621998605839,0.8695819622069499,blue,32.73078569596551,23.603603603603602
26.693606512279707,0.08123456714771526,blue,79.83972577145079,20.0
30.634022940375853,0.493715939425341,red,51.95408333398781,33.48348348348348
27.93021127052726,0.0601889419262267,blue,69.72232174503459,39.0990990990991
3.982919421852558,0.7263438100591401,red,4.016219898983403,37.50750750750751
22.17723852802549,0.6308584926016916,green,55.14600953277805,27.65765765765766
16.93729720738495,0.7434186067624292,green,36.33603004678309,24.684684684684683
4.401755879876513,0.47328165664943256,blue,3.0164116383714212,33.54354354354354
21.281273197748675,0.05026306062060282,red,27.598048051447407,28.13813813813814
26.771184399004685,0.870006522368244,red,72.29725917311237,33.813813813813816
21.30669621025553,0.02207118959333898,red,32.032176271113464,44.41441441441441
18.801951096008736,0.27241258877633123,red,35.261703947346255,34.234234234234236
18.543115537249065,0.2513310289549068,blue,28.44449457454644,46.18618618618619
15.538921822820054,0.4080383947050118,green,19.370154760781013,23.723723723723722
27.790290451580148,0.1781723893495697,green,25.723817680898534,46.3963963963964
17.5121510719377,0.07725916760845852,red,25.62931679152804,39.06906906906907
19.177136323374352,0.3672395959980844,red,40.69180288838613,44.83483483483484
20.807465507438014,0.37682609063373007,red,15.713061116088141,27.56756756756757
6.150013533052071,0.1906895112458019,green,4.330868642661995,37.927927927927925
22.48144433409911,0.2704674774982756,green,9.690051878417258,25.225225225225223
19.703356387036035,0.21982567050735924,green,39.57079903510174,41.08108108108108
19.56236807862322,0.9209393102536155,blue,29.79426698162943,48.37837837837838
6.629732066680754,0.6352968992443587,red,5.743506878681139,38.7987987987988
26.463764854253466,0.4196205753344985,red,62.2945227144313,25.705705705705704
21.956735940089082,0.5047092746164366,green,40.9033651294029,21.29129129129129
38.21672451741583,0.3347221046462444,red,87.46589006118907,48.31831831831832
22.994120016967635,0.0874978169818934,red,51.25815385718312,45.94594594594595
15.149094714351884,0.3924006070517253,blue,19.331646843155962,36.0960960960961
1.8435835515771557,0.3528879515271842,red,2.551616972933363,48.4984984984985
15.989585145017003,0.3271400127898352,blue,24.40440225230502,21.95195195195195
17.54756329733751,0.5476263941977265,green,14.039238987762218,21.68168168168168
17.43499690409648,0.9157407700267864,red,7.062259696085693,28.04804804804805
25.61757651734459,0.7637288357150755,red,33.90101135601311,28.37837837837838
23.33611323939373,0.7710801984541162,blue,17.34235811523776,33.573573573573576
22.884338659898404,0.6050309155160191,red,19.461679366003857,29.54954954954955
6.781791723830262,0.8745499225002801,green,2.0780137916483152,30.78078078078078
25.739327955475236,0.37953257090684456,green,21.216471614054644,30.48048048048048
16.63840839100179,0.3910937679273321,blue,27.15193715308549,24.114114114114116
30.54013583241894,0.5527095784306156,blue,40.54827056759821,26.036036036036037
16.750310271932737,0.15929871572981957,blue,6.267314194345097,40.93093093093093
21.8684797135857,0.3485507136892385,red,59.98830179625408,48.048048048048045
20.389371193742228,0.37440717305181637,blue,41.93829360086218,25.075075075075077
29.535868361722876,0.995438337071803,red,94.04662848040239,35.25525525525526
27.204448027431493,0.4022507180506063,red,50.545957072661125,25.975975975975977
30.306212335803718,0.5342486408151963,blue,50.367574944611064,21.53153153153153
23.799230632159528,0.0669115491253004,green,49.377281586414604,20.45045045045045
16.432343904313214,0.985739701970817,green,17.79403384955,23.483483483483482
18.981032579104514,0.4748627358227727,red,30.90716429572472,34.77477477477478
14.530756416567147,0.08375203962934041,red,18.03350802907755,21.71171171171171
20.011026167007287,0.18566234350039756,red,24.443801304176308,35.01501501501502
21.075504987222207,0.7335740558537689,red,29.648665720563198,20.63063063063063
17.278340765560955,0.39071751643075125,blue,34.031582569019754,27.98798798798799
21.344938965285728,0.21751411541810384,green,56.0313611215342,32.312312312312315
12.463957496629483,0.7296241696166388,red,2.1097813178883906,26.696696696696698
31.815138774092308,0.7153380545624248,red,86.00644666545008,31.92192192192192
17.1622844330055,0.5437306856748041,blue,15.705349111047777,32.972972972972975
11.581159191704641,0.2498354706714323,red,11.068861254692571,22.64264264264264
27.603427601398423,0.677416351680571,red,59.51682396470865,41.951951951951955
31.741797252350246,0.3954953371182105,green,56.89104040804349,36.42642642642643
23.11989164950638,0.980671402331028,red,15.468446521052268,41.56156156156156
21.885673009943766,0.058930555100887294,green,54.61377093387125,27.177177177177178
7.253710115868586,0.9403989986578345,red,5.4037794341509855,34.98498498498498
12.247256113478699,0.9620785348147379,green,11.385955973215172,24.834834834834837
15.56191754148119,0.5800064844297487,blue,14.972350043183507,45.525525525525524
20.638446109005343,0.3478179717724873,red,14.705511343404499,42.88288288288288
6.8937995116700055,0.6630230489961673,red,7.370784097882637,43.81381381381381
8.356771019894728,0.6482495454539159,blue,3.6253457932545743,32.912912912912915
23.714131357853528,0.1994614947548201,red,48.11554623106736,40.66066066066066
9.681035214233262,0.587292065935543,green,11.441852934476366,44.56456456456456
16.47604081642899,0.8913050572866534,green,27.192468652431664,49.06906906906907
14.822626111979194,0.5535914310121502,blue,15.153758024093857,34.174174174174176
39.2908212572992,0.45821426206036353,green,113.78101954491888,42.73273273273273
6.6691715700321925,0.46296650613783474,red,5.395158678863439,32.49249249249249
27.57948082128051,0.36504426470986107,blue,70.56760689173561,27.92792792792793
40.04209116120283,0.47976352832699276,red,75.47013139449257,42.85285285285285
35.70489814819092,0.7450056131578047,blue,134.00707635857884,49.90990990990991
26.66445340835076,0.17367038803207302,green,55.21641619191523,38.10810810810811
17.29083106324061,0.3481253181672799,blue,3.972705010008704,42.49249249249249
27.649701403793003,0.7348688037297524,red,19.59626182692203,43.033033033033036
27.132122129014377,0.2396770697008942,red,38.472010955818995,37.74774774774775
30.180644472152935,0.1722836386054073,red,19.238607581087184,27.95795795795796
20.3288489400664,0.018441955401610532,green,32.773804409266965,33.24324324324324
33.794340029382,0.029827297380864426,green,71.21101663267842,43.12312312312312
10.059976278974759,0.6310275520811454,red,18.40233127750659,39.63963963963964
27.403564667816575,0.5920636202085157,green,28.4801809444437,25.045045045045043
20.44140329658649,0.11725247389436111,blue,19.536224241823714,37.2972972972973
23.020104417882315,0.30112233917900644,blue,50.235665833081725,34.294294294294296
23.950431863429316,0.7773966193955563,blue,33.8840092983933,20.84084084084084
22.476103636598417,0.7804029837310636,red,38.785184886123815,39.15915915915916
11.68834618995606,0.0882434945563163,green,11.311481482091459,29.93993993993994
6.2027552968048,0.9910306234262262,green,6.515551281917739,37.71771771771772
15.70480458535279,0.5727940487940654,red,8.40244564909068,31.02102102102102
13.61219976286391,0.25512481200295967,red,11.280517985917564,48.85885885885886
13.115389517380537,0.09164767823291775,blue,2.13310780741325,44.77477477477477
17.34997173464479,0.6333723433426728,green,9.896285764611555,30.33033033033033
10.129894085864088,0.6368692395766166,red,5.106266819687276,49.45945945945946
18.56181972501048,0.6787644361243543,red,39.41132481621066,22.822822822822822
28.802121051215785,0.43236423299646765,blue,79.08146690839465,30.24024024024024
9.999869347173334,0.7699672234759487,blue,10.110662550847605,44.29429429429429
16.554855148963618,0.1080041690774135,blue,27.443445715865558,33.84384384384384
23.539032486369504,0.4121315272650695,green,47.23632275517236,40.06006006006006
6.317377540714334,0.6626849407890111,green,9.097054584099007,26.816816816816818
23.839446542928343,0.9019928723428077,blue,22.03590375538441,25.315315315315317
10.143766706422067,0.32082589589022403,blue,16.480774130364996,22.28228228228228
12.445245731846676,0.02073851181646036,green,12.641475918462058,40.12012012012012
31.6593017279433,0.25521242778776987,blue,118.70676006211943,32.46246246246246
9.510082759372324,0.7227056329999413,blue,7.255308624972024,42.672672672672675
22.18755995122004,0.18861451821557906,blue,59.06211963914875,24.024024024024023
29.23308312256995,0.6082398274415863,red,71.56084646290701,26.066066066066064
15.145407467095655,0.19963348109175205,blue,29.62248454513985,40.630630630630634
25.133595493836307,0.460656394352273,red,62.35954223795793,28.61861861861862
22.24705172671225,0.5364606264560243,red,19.210403130897326,38.34834834834835
15.06571052387531,0.444419921810147,blue,29.343007922300362,36.996996996997
19.630986999251235,0.13995825299315678,blue,29.975739977308166,39.3993993993994
27.11863116745056,0.7708966009478445,green,85.60309105658537,43.45345345345345
18.258136604182376,0.15269262154961327,red,29.696531446789535,20.48048048048048
18.64812226806552,0.017669834028619547,red,14.320699925623943,33.18318318318318
23.4473285469546,0.41811650197454153,red,19.066433106827272,29.18918918918919
27.73642958959958,0.9251375149972489,blue,40.35644078343809,35.67567567567568
2.7494292708639874,0.6112805105276234,blue,2.531387570961221,31.05105105105105
29.03448043294765,0.22020278379927138,green,60.78185741808257,47.2972972972973
18.892707333471048,0.43389769580961013,green,18.34753657032335,23.813813813813812
14.14965999619182,0.5171666415082979,green,29.48215085857797,37.53753753753754
28.76465237644437,0.7117605076038248,red,8.863322960638008,40.48048048048048
25.35717961359989,0.7149038117638418,blue,59.040871704251465,42.432432432432435
28.27097644304059,0.1504282606647911,green,63.87710928368046,23.693693693693692
34.60459261158756,0.6979427658792399,green,38.8178046815357,31.23123123123123
24.07163438558945,0.9025550299799584,red,35.084606127795396,39.54954954954955
16.53193582246241,0.528941793257938,red,35.25410266281469,37.35735735735736
22.238677873183804,0.03744135269149895,blue,26.876192692730942,49.21921921921922
15.476259322538123,0.39529387902266155,green,37.22302127603972,41.831831831831835
21.245494189510136,0.11757381303989822,green,12.084791776273349,21.11111111111111
7.693132195380887,0.07650422994137751,red,8.995829665117377,42.64264264264264
4.413721564397109,0.11485400321797279,blue,1.9060523332742307,35.4954954954955
7.470449907921585,0.8457187002732867,blue,8.99560551671966,37.83783783783784
25.480351873005105,0.253610946172246,red,51.85431597220008,22.942942942942942
21.747194065180494,0.03991623706247971,red,22.377659910151618,22.61261261261261
24.953350573338987,0.4805378445396101,red,36.86008162670982,28.82882882882883
6.627610653266438,0.7800945516909152,green,4.689925891534316,45.13513513513513
26.2605789421268,0.8445036142669005,red,48.44107424825748,42.192192192192195
34.88734189803244,0.09114870680529208,green,96.22871186008558,36.66666666666667
26.518711344854587,0.4057019514414497,red,35.82710852074109,29.15915915915916
32.83351780936155,0.3095329880654335,green,68.11731966476816,22.58258258258258
10.490240979800863,0.18427727879808697,green,13.96386897316941,43.48348348348348
14.183204863206521,0.9421020207622124,blue,22.127162888255803,23.393393393393392
13.550929513559886,0.43822818655934703,red,21.37179912025832,42.13213213213213
25.377896628813907,0.4300794022157519,red,38.429919560516026,47.447447447447445
22.898674740829893,0.07817089532245736,green,66.56203745172544,20.06006006006006
18.07679096676118,0.20501772606164625,green,24.592488811223408,38.55855855855856
18.927765134454162,0.5535910670961044,red,30.97526226101683,25.615615615615617
15.574123831124565,0.5022373850630871,green,19.369344973408488,34.74474474474474
12.554911798254182,0.6567326062183351,red,21.554545005041547,26.636636636636638
11.647943654524088,0.7411119316068336,blue,14.692833324895057,27.44744744744745
20.30947026089538,0.24212663941714696,green,20.4964817037225,46.21621621621622
15.538064262467728,0.4904210685382753,green,15.25936538455168,36.3963963963964
18.62254326359145,0.38393497684368827,green,5.395433542178417,41.231231231231234
30.991446475854953,0.8110393028279628,green,100.14610403172907,32.4024024024024
15.497287200740818,0.8854386809924144,red,22.789680184516808,25.165165165165163
13.532327501824783,0.6302165856274963,red,27.731299446803078,47.087087087087085
9.977073837744513,0.9534542495818905,green,14.864252174356297,25.015015015015017
26.819728534128892,0.7033768245685561,red,61.565619149151516,37.62762762762763
30.118668645887514,0.08662427986921395,blue,46.15273270035735,29.57957957957958
27.371606160854654,0.6934352014650038,green,22.0562126429197,30.18018018018018
22.666635907446672,0.08579557805330329,blue,27.91643020816177,26.546546546546548
21.230702411512667,0.781697307056486,blue,4.1000569348606675,49.63963963963964
20.93076030594064,0.9285435180660582,green,19.527063675915038,32.01201201201201
24.630646590470178,0.7253235105603093,red,34.708815806714654,36.78678678678679
12.707891493128283,0.129645499199173,green,9.04234654617925,43.513513513513516
23.33560253775795,0.4384262973456273,blue,17.668163270875034,29.78978978978979
23.398418854264904,0.5194046421881847,red,32.628660402412095,38.61861861861862
9.570286211944678,0.5681535827722705,red,10.142474584181834,40.870870870870874
31.617793164304366,0.8222037895197714,red,16.209909219157513,30.54054054054054
14.799859155994337,0.003235320707560274,blue,20.812995474311187,21.02102102102102
18.334533673846636,0.5737022203467367,blue,41.698608714467674,42.312312312312315
38.92316011475263,0.9107569636011261,green,149.6003668878442,30.93093093093093
24.51564405516766,0.8956929596791902,green,37.301363709082565,30.09009009009009
22.898945598331295,0.8385402870117274,red,21.629636334984284,30.6006006006006
8.968430797757884,0.6527232638114577,blue,12.803857837874762,38.46846846846847
13.530043576291728,0.8331601502913718,green,24.80917687809744,33.66366366366366
29.67161895044603,0.8350768084781746,red,78.85935444309008,29.00900900900901
25.921730632444014,0.510649691566473,red,43.024689623567674,46.81681681681682
28.12071227176399,0.5619004606294228,red,95.32140186865607,46.87687687687688
34.642959100970685,0.8320405641801633,blue,118.30508968376924,46.54654654654655
26.68234809907148,0.8517245342247105,red,85.25795020426386,36.45645645645646
30.25466042134935,0.6075850855007973,red,74.1028908490715,27.50750750750751
21.71389940844159,0.6401959288848165,red,27.688842059413638,28.70870870870871
24.58313488382739,0.056514458558615366,green,10.066136802767444,39.30930930930931
25.820240202856596,0.9482997181527743,red,52.310626039262665,37.02702702702703
15.505582520980246,0.623769854098628,green,25.504231949225208,32.58258258258258
20.892648788685516,0.787819623632852,green,43.41321393116672,39.33933933933934
26.736673777290378,0.008195732388559418,red,56.44004739030858,40.750750750750754
21.472687938955044,0.015929229285363444,red,45.062470084188135,24.384384384384383
32.80245205117995,0.6181918213900637,green,33.37480759457289,47.35735735735736
29.00973524980934,0.19840528116887268,red,78.68932029176563,43.42342342342342
26.564511870099953,0.8368486020016442,green,26.781931519847745,33.42342342342342
7.886010741824587,0.05103544454543574,red,12.440169225996625,35.73573573573574
5.188896859641316,0.08193258188228691,green,5.829643038018185,44.08408408408408
8.481775856215355,0.7758602507963519,red,13.676741780941896,36.27627627627628
13.459463834921353,0.509307164320087,blue,11.20536005975567,44.5045045045045
19.58977743281143,0.45724327124588393,green,46.11177388035745,26.996996996996998
28.196482960097136,0.28727261692149675,red,73.16501116586267,48.61861861861862
20.642359316591,0.42703360341819663,red,13.189160170607062,43.873873873873876
23.119491784454993,0.169963838020597,red,38.57351534564045,41.591591591591595
22.903495465390236,0.05158902776981267,red,68.59359410392001,38.31831831831832
16.44214426737489,0.9423029620225875,green,29.01723307022515,33.633633633633636
17.15836825092501,0.2727413451870946,red,21.067004208709683,48.73873873873874
23.073472016529614,0.49740026906180157,green,50.92687972233106,37.95795795795796
18.864434092767265,0.4427669270287987,blue,26.403325092675985,47.23723723723724
19.66438983506296,0.852451982289247,green,21.580277794193396,38.288288288288285
22.749701493293408,0.6947409028604573,green,6.73250436452344,35.13513513513514
19.230738103758448,0.12019708131204077,red,25.54512200550559,30.72072072072072
19.775772269978834,0.3321683184248737,green,43.56513982020171,42.46246246246246
8.445277478430679,0.5768508403612751,blue,10.765649830482632,40.78078078078078
20.299603867271337,0.8394026156369123,blue,18.178771744765914,22.852852852852852
11.772645023283639,0.5278396649254706,red,9.898044959262641,29.03903903903904
21.126441744200243,0.09215704207462727,blue,49.106411248842086,49.66966966966967
12.508585197683933,0.20944092024313,green,14.349292227550562,49.129129129129126
12.358270488557082,0.6574659991786811,red,20.785648209563394,36.63663663663664
22.450164154824833,0.49390843009411056,green,30.387583056329493,46.33633633633634
18.455169781853535,0.8753565045292124,red,26.972466960728422,27.86786786786787
22.465601571443557,0.5137733818845482,green,3.6611507889191492,48.55855855855856
13.315411107208758,0.05057583476217631,green,16.760030560259597,34.5045045045045
22.773714560759835,0.2247522239338673,blue,22.32523069470511,39.249249249249246
36.495618002394174,0.7507178580486604,blue,37.5468640780726,26.306306306306304
23.982075133337307,0.8062757977334775,green,13.917595396287957,39.849849849849846
13.683318511918007,0.2582417291135537,red,18.98461677824413,34.354354354354356
23.53700783646604,0.02250896330932617,blue,32.7821001931564,27.74774774774775
10.38299997149629,0.121661682983495,green,7.26339447359985,39.729729729729726
16.330160385609247,0.3794952458763421,blue,19.821901257838988,33.513513513513516
20.961803308818148,0.046846848705974664,blue,19.145845833261983,46.0960960960961
13.330762622613381,0.6024389707025588,red,17.021789036015722,24.924924924924923
17.95410589963987,8.103431247208359e-05,green,35.69780477507072,49.30930930930931
19.798205690484778,0.8859493896636697,green,15.961887395682371,48.13813813813814
32.44841886705871,0.7870831894811403,red,102.03357367294919,38.58858858858859
10.146327189466684,0.6179325971871307,blue,18.402869532383914,21.5015015015015
13.302694845183638,0.24136335982982937,blue,13.498699006295524,48.34834834834835
22.47287037370323,0.8679681692149761,red,24.602993460912774,42.7027027027027
16.823773308040682,0.0919120578019832,blue,21.261197539984998,35.4054054054054
13.663751636733227,0.5752351643015532,blue,21.714474641153537,44.71471471471472
16.63974139832483,0.3299022090139826,blue,30.32633739638838,22.25225225225225
26.679110896107403,0.2607936546039561,green,41.9341931762165,38.94894894894895
22.102422998599433,0.5070721614927384,green,37.66159749411321,42.97297297297297
15.254115382256252,0.45085908032706024,red,23.91184758460676,42.25225225225225
22.33144624036717,,red,32.20425539123655,327.02702702702703
10.728537479251909,0.7547788680692287,green,9.703982192465702,38.70870870870871
16.7109231917532,0.7570124214353998,green,17.341680489223364,39.75975975975976
23.229010601037594,0.12124062891843745,blue,31.347227370034645,24.804804804804803
9.402424854365524,0.932250426446262,blue,3.299161945245583,26.366366366366364
22.792635827412404,0.41865732513479126,red,16.95389129005452,49.54954954954955
22.371091302322125,0.9592003042135847,green,54.24279695849347,37.38738738738739
26.632295567057376,0.8307024539783524,green,42.8231300598544,38.67867867867868
10.540302527362956,0.27432810679258823,blue,18.513424862276096,21.08108108108108
21.19014920895018,0.7561086714454048,green,17.099859130866964,28.67867867867868
20.72764096608143,0.8724199373843116,green,28.681360180615027,30.63063063063063
11.691154968062465,0.6132683482590064,green,13.618088912640854,31.44144144144144
18.98259314934809,0.6819969296220446,red,12.953115778469845,29.48948948948949
15.778653529371361,0.3816477606129578,red,26.542267145017675,47.567567567567565
23.2993950803466,0.12339654622259055,green,27.294929272476118,44.65465465465465
30.171266067396715,0.741226126847066,red,86.82967816887279,46.45645645645646
13.81966195025501,0.5735980510328099,blue,5.609087488480964,20.33033033033033
18.475339028517535,0.19686465417938215,green,18.021037479264496,-225.52552552552552
18.58951399883602,0.34964576591972774,blue,24.048757452125017,25.945945945945944
19.35986954431427,0.40479009052879933,blue,21.417528580350535,23.183183183183182
20.556538602982453,0.7013371492937261,green,16.441401551126074,32.1021021021021
8.121895433041487,0.31134811807170937,red,9.078107628697863,45.97597597597598
20.49820068112301,0.8028074339068471,blue,30.940016728745338,43.06306306306306
24.7008008321462,0.04715392239091065,red,21.688363319113982,32.64264264264264
19.87555077126077,0.9668544139825226,green,4.832175382570738,49.87987987987988
20.420075456372878,0.8792912807151442,blue,16.132804571245153,33.78378378378378
18.78566525549472,0.3281463664612022,blue,24.92274756438208,30.3003003003003
26.945099475262857,0.1892652828299144,green,50.47970688681061,49.249249249249246
26.655738971444755,0.7693675809771028,green,48.78347938972076,28.76876876876877
23.68481935671948,0.5514964721554096,blue,61.54312710826727,43.33333333333333
10.728806177938491,0.2538063296593661,red,18.392155939957217,24.354354354354356
12.705350338150946,0.33916218520515673,green,12.305456629182023,46.27627627627628
10.158340251739428,0.1357383305960459,red,15.8935908399314,45.82582582582583
13.245957306101538,0.6518007194559776,red,15.928726173060229,35.46546546546546
18.965755457617973,0.4060997270201866,red,39.470822738238674,49.51951951951952
32.12456689365337,0.5020730916333882,blue,35.18297249527216,35.705705705705704
18.120315966616165,0.2044722334309056,blue,5.135534808198481,32.37237237237237
17.435709461482908,0.5104394788941072,green,26.009550643083553,36.75675675675676
21.474239248760306,0.26337087199050235,blue,34.96989240317634,41.86186186186186
5.698155254943958,0.3290209263079238,blue,5.747931704001274,47.17717717717718
30.23508164441659,0.9565136077663865,red,60.49490425894927,26.096096096096097
24.440872388491137,0.05659410096986173,red,57.76750145516079,27.77777777777778
18.118455634448985,,red,35.30117935980842,45.25525525525525
35.368693239060704,0.3344753876531191,red,66.59104485759741,34.53453453453454
33.89721527554098,0.3573593351529304,blue,51.30354344202092,27.83783783783784
17.501403253596763,0.9331275386150986,green,12.68441491571535,43.93393393393393
34.50644411664116,0.9768789969153118,blue,106.26534930045649,49.0990990990991
11.485816761485557,0.12587339523774,red,19.102748684482226,39.21921921921922
14.060155786165785,0.9032170812674927,blue,9.822979449515842,40.72072072072072
32.91078370327109,0.02538073228375959,green,76.26781377334818,21.23123123123123
13.949641092182695,0.19539479378849733,green,15.100109465784097,24.744744744744743
14.810691011792908,0.9477089282231995,green,29.949585706153258,23.243243243243242
21.985238489610936,0.6984162048836199,red,45.640273062892746,42.552552552552555
19.63159766054719,0.8048910911662897,red,32.78507880883616,43.273273273273276
25.865655936137358,0.42022736176427167,blue,44.23876621746687,-227.17717717717719
26.92520062461101,0.9213959818199154,blue,30.383843122630413,31.83183183183183
17.460561821989806,0.4196496579879103,red,23.821981830880567,20.15015015015015
30.847539817281763,0.5558091084515563,blue,68.84358028817121,26.486486486486488
21.791427269588766,0.3050496799422914,blue,23.830348670507792,27.35735735735736
28.276357402512808,0.5005650727627284,red,52.57188255019263,48.82882882882883
29.547244093654726,0.017385042866159384,green,53.30206221213886,45.73573573573574
32.403401786288335,0.7244683891437064,red,56.26996988483019,41.68168168168168
10.34307340232451,0.49498636189873535,blue,10.110662356285294,47.86786786786787
20.777473673226936,0.7607352463090494,red,27.65873819274485,47.50750750750751
11.080279623678315,0.49105750119086233,green,15.479895699625624,40.81081081081081
3.220632849839456,0.44956741053009297,red,1.8500536078169671,38.85885885885886
25.644307567376615,0.3875037298925157,green,22.32864913450933,30.06006006006006
22.40712258163023,0.7851973527016015,red,16.119407829815607,40.54054054054054
24.340978203519363,0.4211841466216357,red,40.840676890805476,45.07507507507508
28.030814097024777,0.1298220335068081,blue,97.81235921468655,-226.42642642642642
19.547186414346115,0.6739833970387761,red,26.970285820075276,28.01801801801802
19.30770193789222,0.0719511274815201,blue,13.834358292326444,41.41141141141141
20.918756749839766,0.82908927308483,blue,33.504122231988504,23.273273273273272
31.940653924505867,0.11167415578351625,green,53.99173301891852,31.26126126126126
23.795176234810373,0.48313776308031375,blue,19.780620518639417,44.98498498498498
39.03260354874303,0.5857325325231667,blue,34.83877975811781,24.654654654654657
33.15152478171508,0.3871762245602466,blue,14.473068238498183,26.966966966966968
40.71389202294216,0.6749450898951919,blue,37.07623219439157,23.543543543543542
15.803179452184077,0.816645000435241,green,6.544260419512482,23.633633633633632
24.89101885519105,0.2809132789223552,blue,42.87752681965067,31.8018018018018
9.812120617743098,0.5208649879354338,blue,16.621255228269035,37.86786786786787
9.792983664320435,0.8740488547916174,green,13.182160053291454,-228.52852852852857
15.16427781240532,0.18919864707136735,red,24.282938524649673,22.01201201201201
25.330222400978418,0.1455005503669412,red,43.274771205557066,22.55255255255255
18.915748442008606,0.33065629767309923,blue,37.341160384150285,35.22522522522522
14.353230526685085,0.5064636661836315,red,14.06465223036125,31.74174174174174
12.644763946858893,0.02142975220942267,green,11.210963640687172,24.054054054054056
32.475582202095126,0.3250349173283793,green,100.99334147592279,26.606606606606608
29.372485685067574,0.079220578378699,red,37.35149587967181,39.009009009009006
21.974999854702247,0.9139896619250979,green,39.2808812323935,49.78978978978979
22.765524234511993,0.4987221058424606,green,44.69921456882272,31.77177177177177
24.18426531025291,0.7439073287590445,green,19.85870451517221,437.8378378378378
22.535011833793952,0.0997432421893214,blue,47.18321512827323,35.43543543543544
18.25238272139689,0.3142697124916237,green,13.728763862715905,36.366366366366364
25.388280337715372,0.4572152753560059,green,16.184435624470197,49.489489489489486
25.172141653489007,0.005257903446021173,blue,77.10079017231836,46.51651651651652
13.897295866250673,0.32969660250749067,green,31.060229957580336,36.51651651651652
13.47839825784457,0.0691807464727725,green,25.77209518944229,28.28828828828829
27.360974872382815,0.6020651624393752,red,68.54046469088674,37.47747747747748
28.962310670106504,0.5017912162199802,green,99.99338303596781,40.6006006006006
17.964502916295974,0.8229804965532181,red,26.335999991684375,31.14114114114114
26.790212771155147,0.23786583129000594,green,77.83614463792586,41.53153153153153
17.790771995189022,0.19799912169513567,red,40.23580504646088,29.0990990990991
30.077751981174472,0.7752135407347094,red,40.893479049786606,25.645645645645644
16.21796770027908,0.8684030965523634,blue,30.995082675071043,27.027027027027028
27.369146787792047,0.13587558108839948,blue,97.94602320069798,20.81081081081081
33.25860106802804,0.34167377849953884,blue,53.928471621447606,25.195195195195197
10.864598388511855,0.005046362964583606,blue,20.253792220674857,39.51951951951952
20.43583231677144,0.7931306558312916,green,17.61335062099826,22.16216216216216
4.973969754783925,0.36603025632659614,green,4.403793249402128,27.80780780780781
34.40852274108814,0.4479024936580438,green,89.1632900861401,33.033033033033036
16.251383388249828,0.9570932673649847,red,32.255786870591336,21.77177177177177
19.83751714604577,0.5843388757377943,green,38.822001044104255,376.87687687687685
15.397745756561466,0.8422631873390681,blue,30.20108595117261,39.609609609609606
9.640485001803707,0.7933730326328331,green,10.574621173611364,41.26126126126126
21.71903808531641,0.450011615606414,blue,10.571521495301376,38.528528528528525
31.61421553719265,0.6440259442119073,red,117.28054586543797,29.63963963963964
15.678472529044676,0.010146261061638628,blue,14.328749430349852,43.9039039039039
21.22633430554828,0.8231298569736567,red,8.106368920268553,29.81981981981982
23.08705731846123,0.930074558581682,red,27.672918700558895,47.02702702702703
7.8585464652497805,0.6914003929713001,blue,2.020255514337661,40.09009009009009
39.92747727688053,0.6533647899590056,green,152.6027604146249,37.98798798798799
28.013999105046103,0.6424959010089938,green,83.27989994135356,34.474474474474476
12.193424277417702,0.017113509071765343,blue,13.327993529260523,31.71171171171171
16.270066426209567,0.9039248085181882,red,3.352337517133919,35.765765765765764
12.974731150532522,0.9051740024795674,blue,6.559694139181193,38.91891891891892
23.82369184197709,0.9360962145222529,green,71.07491505745664,29.30930930930931
19.842175283858317,0.04034079336553098,green,8.55165342553642,416.5165165165165
17.824428166510614,0.30151144549023234,green,44.311426470002914,28.34834834834835
19.432837100362875,0.15879645487328076,red,28.753315193936817,20.75075075075075
19.42145411541387,0.21054876312291138,red,15.418602804678748,28.58858858858859
11.398329314301588,0.7113332620249817,green,18.244569267283374,28.40840840840841
16.373539824270264,0.8290778276670596,red,15.703626533403591,34.02402402402402
17.594939640728725,0.47914142621754474,blue,21.326224570098532,41.711711711711715
29.4613090342292,0.7016496189348862,red,87.94086597138528,29.96996996996997
10.334273970689747,0.5312860271508228,red,8.851600779512273,36.726726726726724
17.084661282912997,0.832008728797414,blue,13.741443735114958,46.66666666666667
17.34260674718162,0.19011818784615775,red,29.45445487415743,39.27927927927928
20.393140852081356,0.32569109529390283,green,21.80008024767221,-243.3933933933934
20.106308102370697,0.29069652487434383,blue,20.576958418839666,20.39039039039039
40.837357333874024,0.6229526568902,red,89.07155557778691,26.126126126126124
20.596194109039615,0.9297662087678815,green,45.927253249313296,31.11111111111111
22.535794836801486,0.8743442103822422,red,33.10608345147693,39.18918918918919
26.609953621992165,0.34365859489440787,green,63.122044546312154,36.06606606606607
16.94759687605565,0.48547049772506434,blue,15.983274469506433,236.63663663663664
21.39494213430995,0.9547442569140278,blue,53.11493933470143,42.4024024024024
12.917130224071808,0.938715756520786,blue,27.677559789104574,253.45345345345345
25.543465709956386,0.3596919689212468,blue,29.010855378709234,37.8978978978979
36.05621476777158,0.9675670217258973,blue,16.51934770059273,31.2012012012012
17.36462139378747,0.37814597043636955,green,42.060195673700456,30.57057057057057
16.28692147990314,0.3054786718167183,blue,27.604422616604747,23.123123123123122
30.740428038984067,0.44840178004457054,blue,70.00467356616366,38.648648648648646
13.196557506646691,0.32569554871873785,red,18.926218266894068,20.54054054054054
10.74688537486678,0.015182512809286841,green,4.980515605901121,25.765765765765764
24.590343368518667,0.15382550077246782,blue,31.141214647484958,33.993993993993996
28.44072664387513,0.6535202121883629,red,19.394114015501216,34.83483483483484
4.381755115157906,0.28630390462669597,green,4.044042596595612,39.90990990990991
18.671915577490292,,red,17.468155054697807,26.276276276276278
19.76533145966786,0.34619853183745186,green,27.84227818497773,39.369369369369366
26.936423891567113,0.8069666645757837,red,76.73404190474939,26.156156156156158
18.40443519714089,0.41344303055464515,blue,23.08999822284142,-205.85585585585585
23.689079213339824,0.5979050366237795,red,48.68211257548118,45.91591591591592
13.0780524411066,0.35937506643972184,red,12.018162173868705,21.47147147147147
15.521806284965724,0.9354763906067929,blue,25.985069830927973,42.52252252252252
24.039684680540237,0.19546656022989506,red,48.90927572494228,36.03603603603604
15.530411034428491,0.2424725727732332,blue,15.901391272784101,36.33633633633634
25.444860056707274,0.09224563069093406,red,69.12445770872338,44.44444444444444
12.090671961410838,0.48509049507815505,red,6.234717898799697,37.5975975975976
21.479414179073018,0.181284803942241,green,45.227851027373845,21.8018018018018
23.20423628983955,0.43874312192543163,red,15.329355266962832,45.31531531531532
19.763582384276972,0.46210091778105433,red,48.9068387828994,-161.4114114114114
18.440911581927885,0.2579685202656459,green,22.242514999160438,31.68168168168168
10.155589336092879,0.5421868696146431,red,8.143299773365863,43.633633633633636
15.509902777379954,0.5755226762118434,blue,28.69779426793921,34.414414414414416
24.391170797072697,0.2799377122531007,red,41.22754430175234,370.57057057057057
27.30174791586063,0.83818043474878,blue,73.06472351447853,23.963963963963963
26.64298981370626,0.8680778460653444,red,49.2729132899828,21.14114114114114
11.719505358233835,0.7818338401804409,blue,20.902697622600286,46.006006006006004
20.070232836500516,0.719284571340354,green,39.14813110413533,36.87687687687688
31.421423678508084,0.34194797408798594,red,36.76427720724045,34.38438438438438
16.986511603822926,0.5166794990087721,blue,30.873314964166216,40.57057057057057
13.174583982486052,0.07417579291927745,blue,25.80487366401579,33.003003003003
10.583337373163939,0.2092031107143716,blue,6.608778821594458,23.093093093093092
32.47995243201687,0.3966727253810237,blue,29.438260985054562,28.43843843843844
13.699472861053565,0.7999775309517679,blue,25.304187131774075,30.84084084084084
11.324221557411008,0.910755538814421,blue,8.027724194302785,28.10810810810811
19.3249520913647,0.8164911792909566,blue,46.849006561234766,25.885885885885884
27.5371321438442,0.7851786766099511,red,87.03485704108503,32.76276276276276
30.90373570614986,0.5440881858871106,red,107.0308858486111,40.42042042042042
20.90028469318842,0.8509595142110401,green,43.01938760550275,24.084084084084083
21.30304360501576,0.8586687268829163,red,28.68294830927056,27.71771771771772
29.42889948312593,0.6369010699018255,red,29.35241628833723,41.14114114114114
16.0389139387402,0.43587848737935087,green,20.238236421116643,48.70870870870871
21.63859674263903,0.13186194985477417,red,28.06034204797763,28.52852852852853
28.515615248741202,0.8723617219894217,red,50.733811652934996,27.207207207207208
25.78562101145868,0.7365852466707642,blue,24.674508529950476,361.2612612612612
28.471473879704888,0.41972339823943716,blue,71.42646660523286,31.38138138138138
12.632774057888685,0.8241460884083358,blue,9.031536751229623,48.648648648648646
10.642250335049905,0.09898069949567523,blue,14.652497741356777,35.885885885885884
9.103693065255978,0.28940819030116216,blue,8.219886097120714,-126.87687687687688
27.040204669002065,0.9201899053735858,blue,33.322542917117616,21.65165165165165
36.65411003142074,0.3088304971289536,green,22.285540344987883,27.117117117117118
26.244060191611123,0.9059080380461544,red,92.64519450238045,20.87087087087087
12.84926028728859,0.019433689901490303,green,13.666098824283267,46.126126126126124
29.64856728398511,0.6192045074263666,red,78.76616710318982,-116.5165165165165
8.697887256442831,0.34105492859341324,green,2.7856284049988296,43.21321321321321
25.81927698495727,,blue,61.35199979570939,28.73873873873874
13.748799088182874,0.5089465397588749,red,11.807857123896214,38.97897897897898
12.745544583342092,0.040752066809355725,green,4.4533734549550665,30.0
22.653661868457302,0.4936511096129844,green,23.72633692936665,25.285285285285283
16.258181475912195,0.4312282338463529,blue,20.971483009923812,28.88888888888889
9.71707437900011,0.7028895902853518,red,13.983651364878428,42.072072072072075
12.91224752543567,0.8250802558768353,red,15.615971771173395,20.18018018018018
13.806381575306904,0.3985794298632699,red,6.747948509761232,26.846846846846848
21.024559218170587,0.7260965039499838,blue,53.45421945186554,20.3003003003003
10.60045048745689,0.6712112847981956,green,10.160418808043088,35.97597597597598
16.810989757620792,0.7171257641010793,blue,20.962077101896934,48.94894894894895
19.078724795984822,0.4979582173250561,green,34.97526708535976,35.7957957957958
21.693633179037484,0.9673823863900816,green,22.6947482470038,45.645645645645644
12.327018886874496,0.2698750653620472,green,6.582337367055813,31.56156156156156
25.61907891626135,0.2240976646582017,green,71.87471994430383,41.74174174174174
17.257621479985573,0.7374243348046057,red,26.923723905218868,44.114114114114116
21.607574060211398,0.7669789510533198,green,28.45567013920331,38.4984984984985
26.330665402574343,0.31064606462477906,green,62.053234688997364,44.89489489489489
14.467207505706451,0.3886821400519953,green,14.504992269250543,34.92492492492492
21.190123373940366,0.2878870965922645,red,31.8486705129253,24.774774774774777
17.627849704136878,0.5621804762113433,red,6.990827221932062,48.528528528528525
14.89888331933502,0.5164970931228109,blue,12.760329618343762,46.15615615615616
22.103193702236815,0.10817149006915028,blue,49.518799221775446,22.7027027027027
13.690497641235718,0.6253514073301965,red,5.572537989248578,32.34234234234234
8.139617303517465,0.5308959337170961,green,10.852972237573526,41.471471471471475
27.240109875835564,0.6842063940889034,red,48.02700353767009,36.21621621621622
17.507391461128915,0.2742278074482303,green,7.887326309576018,34.14414414414414
26.848126087484378,0.20182568942868107,green,17.692515975799665,39.57957957957958
9.571888812778111,0.5437170084738627,red,8.237825822258817,41.2012012012012
18.371554634653478,0.2733901660399738,green,10.992931124584684,49.81981981981982
27.489345123776836,0.8199150215640528,blue,54.85920690298236,46.966966966966964
21.899510073643356,0.8365184149314047,blue,25.385687216122555,21.62162162162162
28.660175285296916,0.8042408700263665,green,73.93507880177904,21.83183183183183
27.802125603764104,0.05702894733828412,blue,45.61718924749255,-117.11711711711712
6.9148304193799435,0.8759019715802709,red,5.456373467984003,24.174174174174176
27.141820170697468,0.6644394323721913,green,15.504728481779688,27.38738738738739
22.257120887074617,0.1809063980015847,blue,37.916387721303614,43.09309309309309
8.240403832544526,0.4506604872958556,green,11.901602187441616,37.26726726726727
15.686663999020588,0.4016928367908942,red,22.233719501323833,321.3213213213213
11.156523284743422,0.5293018354539154,red,7.202975472190658,27.41741741741742
29.558281711855653,0.4622418396206591,green,62.551594959957804,34.8948948948949
20.50418040937951,0.8626454560838314,green,45.317215269783986,29.12912912912913
26.70898394450393,0.8030675982236629,blue,55.45953621038294,20.21021021021021
11.022853030785626,0.46495459350412083,red,4.049139693544573,44.53453453453453
13.791850381557193,0.08849102118465846,red,21.876711380527333,33.093093093093096
37.69635534399096,0.00782894588995664,green,55.68782462980695,37.65765765765766
27.05898908419603,0.45947926782329396,red,53.50478808901575,20.09009009009009
31.92884644798308,0.33298182094850903,red,57.14742836271262,34.95495495495496
26.811274440703627,0.5843124980375337,green,44.007561821289535,23.333333333333332
19.73160882851655,0.12974073649596396,green,13.392703931311749,36.18618618618619
28.223077091952444,0.6891587076892618,blue,30.913256976931375,23.363363363363362
26.248766500041157,0.1012165330104291,red,42.46192965356269,33.693693693693696
30.15765554618318,0.2721469974997115,blue,83.90174179623072,45.04504504504504
9.94048372265199,0.2142540835687038,blue,9.396249724407763,40.69069069069069
10.374209367270362,0.22792172886978923,green,12.914209778091367,47.62762762762763
25.024218804750593,0.08525075138789318,red,64.9718571738038,29.84984984984985
14.215930484826794,0.35072845795307683,green,26.87780532728358,26.246246246246244
16.837483765715092,0.15773115683693906,red,29.175579045264897,41.32132132132132
29.990959120024215,0.7072114636740512,blue,8.33838255804304,38.22822822822823
26.990027424130254,0.8638402409980567,red,48.14290528134612,28.22822822822823
31.915227213338753,0.13884603142197127,red,87.56253274188491,30.51051051051051
14.200562661342367,0.5211127460575986,red,17.95825694868587,42.04204204204204
30.55138354847043,0.32469520765158166,green,65.40919939188034,39.969969969969966
25.945580170965513,0.5460026589480348,blue,37.33786738163799,42.34234234234234
22.815120383382503,0.6850975558135852,red,44.535313517947635,49.3993993993994
10.349407612356918,0.41203239654104373,red,8.202416393326033,46.246246246246244
23.424507725191276,0.31279059246106933,green,32.812969493368854,33.273273273273276
15.084101450848536,0.850996838008447,green,23.442055748408126,24.474474474474476
8.154672168405035,0.6854995380069067,blue,6.118983094690859,45.01501501501501
31.66253980959493,0.02406603091976245,blue,82.8859284163076,48.22822822822823
17.0235843489994,0.9680816282499529,blue,17.737350388919907,22.04204204204204
28.67087474299008,0.5266613792139613,green,76.40185827502812,33.12312312312312
22.488701500618298,0.7060676073337404,red,10.93777634413773,30.69069069069069
23.909957096008668,0.020601699261619477,green,29.789846957204936,40.0
36.75714424475309,0.2676321165598119,green,109.87614100409424,34.114114114114116
22.77581726396889,0.6995662454659984,red,12.589735131836758,33.213213213213216
23.97799651336996,0.8634876143925487,blue,31.331192110404373,38.168168168168165
23.771381869805076,0.20166144762157734,blue,56.47620237214167,46.606606606606604
14.31677098436521,0.9585595309930773,blue,12.247467106593593,29.75975975975976
21.98591803695186,0.9277297562375237,green,24.76265008298054,26.726726726726728
17.632482756849555,0.4418596128639751,green,37.45637158063529,28.91891891891892
34.92015135467373,0.41173824812550575,blue,88.8038787167425,32.82282282282282
23.65520679714084,0.3948315575059954,blue,32.36035989014385,36.246246246246244
17.649650830217503,0.9593151461600908,green,45.310207621981036,42.94294294294294
13.20366681038119,0.978353793699607,green,14.94461235039805,43.66366366366366
19.926127928618442,0.310348509920904,green,38.881137107227886,37.327327327327325
24.27132029268331,0.2077459413196452,red,58.01838037665221,26.456456456456458
15.580856121478684,0.43644866858593023,red,23.84102328530935,22.19219219219219
14.908303152964503,0.4864606118026743,blue,9.053360942590494,34.68468468468468
20.04195322308927,0.5242478773910351,red,34.37997355445456,45.7957957957958
28.155256588616012,0.7412941220206419,blue,28.85012845353434,43.3033033033033
23.35538866854464,0.8113327416540455,red,59.27600779678003,41.111111111111114
22.68741558014196,0.581458482633339,blue,36.28154253318519,30.21021021021021
11.461715447556497,0.38513911662100997,blue,10.547512046676848,43.72372372372372
22.142447145204954,0.1540797798117799,red,27.620433115281877,45.885885885885884
11.7945131688877,0.856472669309324,green,12.527360176346498,32.16216216216216
29.45533203898735,0.941292398978982,blue,42.56960490372991,49.6996996996997
15.658096446218432,0.1455905603828226,green,29.595412309760142,40.270270270270274
27.19435123604896,0.11463904443830941,red,59.575731010830644,26.936936936936938
37.94430646752725,0.5682070584519937,red,153.04396139997417,45.67567567567568
18.911325232230176,0.6224502231931648,red,13.716526262746854,48.288288288288285
10.817106378575204,0.021840114497817864,red,12.321320127373024,47.14714714714715
26.580871577299828,0.846908838670862,blue,17.203593613545088,40.390390390390394
39.64382793915297,0.9537646677935258,red,171.4227624367952,40.150150150150154
18.154202270459965,0.04918289282123145,red,9.42861021068095,22.34234234234234
20.441261864591905,0.8227029610912661,blue,11.182343243201178,21.17117117117117
30.026773653304815,0.2612265563951852,red,70.34285124278507,32.52252252252252
10.878929848618519,0.9864886421467678,green,13.833498142418687,37.17717717717718
2.522061093983414,0.5174501244048212,green,1.8929633973691258,26.216216216216218
25.1674895776681,0.5603239691652959,green,52.616977992014945,41.05105105105105
20.051094024605234,0.48407647893602224,red,37.83714937909009,23.783783783783782
11.963610040570527,0.45366912252105973,green,17.183566456537793,48.408408408408405
10.235230500848663,0.20252278159265613,green,6.394837436972094,43.36336336336336
24.60286953164812,0.4051314128261547,red,45.86503683683542,36.486486486486484
36.42211080459919,0.28699976657634807,green,43.683166220242235,39.489489489489486
21.543337762005724,0.4883984854377834,blue,25.254997549084017,24.324324324324323
18.455588701648356,0.32246482594516035,green,38.49789532025126,39.129129129129126
17.016460266917747,0.26826325674306994,red,23.94692547878856,48.25825825825826
13.109732347234216,0.20971784648766967,blue,10.94880872741543,22.792792792792792
28.582798760111064,0.514148081379479,blue,46.43296342524845,44.74474474474474
31.505823621652546,0.1544729846611217,red,20.40695815655726,44.234234234234236
16.835644542385847,0.7517708140189797,green,22.76847931724219,32.94294294294294
12.54956949739886,0.6137380756069564,green,14.106113786623535,28.97897897897898
15.997272202486817,0.27918278709460476,green,16.873754543579338,31.47147147147147
13.98716676024457,0.6029827145953669,blue,10.835234684342154,36.90690690690691
22.172916754596258,0.6178644482147531,red,64.87015085191392,31.41141141141141
22.53529211136754,0.7074079498966851,blue,40.695967502727285,40.18018018018018
9.90051907711416,0.7122342931495407,red,8.86244152368986,46.6966966966967
8.959202620843595,0.7709172142343591,green,10.257059864170783,35.04504504504504
14.851046717054107,0.1493254449778083,red,34.92771385500447,28.16816816816817
29.68372711553642,0.9643562322276725,blue,52.51889038212225,20.9009009009009
19.779935688430918,0.41968136668805545,green,30.83065250596834,26.756756756756758
2.907214234866723,0.6217623455904508,blue,2.811399071404388,22.972972972972972
32.234285040799506,0.35540345494871617,blue,55.664986290283885,38.888888888888886
22.81409252506017,0.641332740700509,blue,69.17191681333392,36.6966966966967
2.6158171187208596,0.5420666038824258,green,0.8733009855762451,37.207207207207205
21.953887526899322,0.6998930264265497,red,30.203767585450127,31.5015015015015
17.44349130211335,0.8082364435389761,green,31.344512805027342,39.42942942942943
14.098165885857203,0.19504087517794744,red,29.432228006350776,45.16516516516516
13.577305897434224,0.9403661138207576,blue,16.823355633654067,22.22222222222222
22.429169183869764,0.3367553985566565,green,47.10239554131772,40.21021021021021
27.515873708159283,0.5292045578891476,blue,70.05439296407295,32.04204204204204
14.797155077682637,0.2410784570695632,red,18.602504247227177,27.32732732732733
19.225898259522673,0.06152406764852536,green,34.78660608335842,32.192192192192195
28.694786811421558,0.26110090645890816,blue,61.95390575246538,46.03603603603604
7.30663337790998,0.17971112482442808,blue,7.3588230988646375,23.513513513513512
19.67173501328152,0.6810906334186325,green,26.097279256858577,45.585585585585584
28.35793699661018,0.81268146202711,blue,57.35059427772336,27.057057057057058
18.32095514230681,0.5962327430740191,blue,17.302322608629122,21.35135135135135
21.94763639194549,0.013398604222949029,green,45.84547596135886,40.84084084084084
19.2336947180159,0.9857839794012112,green,33.1741751657494,20.66066066066066
19.148530457384116,0.39090474851381685,red,43.0015013971217,21.56156156156156
23.369480224318057,0.8841816596795348,green,15.17058411738327,31.89189189189189
27.577765249049207,0.1300268991508965,red,82.3239694637224,33.96396396396396
11.881360558724968,0.13495769217448828,green,12.404316027698043,33.72372372372372
23.61799419194067,0.20773406927995586,green,77.8726054821849,36.15615615615616
23.35137522135726,0.05614819959502482,red,39.565613696298456,43.84384384384384
14.718715206244351,0.6656595008348015,green,20.720442768026206,47.8978978978979
27.50794930019792,0.02521668376963937,blue,75.63069604290438,21.98198198198198
20.118072957736015,0.928104247725977,green,52.57713653985564,31.35135135135135
10.38340226262984,0.9781640353718913,red,2.0870479365379744,31.59159159159159
14.930612711826956,0.29696713031310695,red,5.311809075582976,38.768768768768766
8.228808645982614,0.5476392645724207,blue,1.8324769333423478,37.567567567567565
25.53499050908161,0.33224610355650974,green,57.488272490754774,25.135135135135137
8.41825859955418,0.7919005259872289,blue,6.231343317304913,44.32432432432432
17.636905798480434,,red,23.124160503047282,23.873873873873872
16.399400948600434,0.49717824924196097,green,27.23623948167633,34.5945945945946
9.98158823068486,0.6426074080139552,blue,9.494239664185871,25.675675675675677
12.555522820858336,0.9209204753126965,red,22.100007885073065,29.27927927927928
24.068717196410635,0.4603614019306993,blue,34.40410509507983,38.37837837837838
24.03943596973052,0.18595055736952903,green,43.37694363468146,41.02102102102102
14.899848181853535,0.12979684749916864,green,25.759598370610366,44.474474474474476
21.424186046225138,0.2567041663185472,red,46.79773888322552,41.44144144144144
20.797085284767853,0.26649026194335135,red,16.823636016496074,24.894894894894897
7.890939122295837,0.18489302824006737,green,4.396163258620574,26.006006006006004
15.112937327549247,0.8853736406405005,green,4.539512736926977,25.405405405405403
7.646468677781,0.8550243148126929,blue,8.899755956752642,30.87087087087087
20.485594913184215,0.46944887467135865,green,44.166031870502316,45.1951951951952
21.76486361732448,0.9419233676822398,blue,59.155363910571296,47.71771771771772
27.0469341179323,0.8764912300892633,blue,44.16348589180366,34.62462462462462
21.53220648788231,0.33385162630514764,green,43.32004358322829,41.5015015015015
17.55499830822197,0.4584664049300967,blue,6.299788361493186,48.7987987987988
21.8630368223303,0.6669549837004713,blue,28.42923226270404,34.65465465465466
26.96364193566454,0.8703200880936848,blue,38.22819343731041,30.42042042042042
22.895719342368736,0.6300388385969019,blue,10.128123903482672,49.18918918918919
26.13304416758323,0.5152669573068392,blue,33.36323861323396,23.933933933933933
32.86793836887655,0.19934707724696887,blue,37.08168197727027,44.2042042042042
24.547893948449477,0.23609154700650292,red,28.65104753960973,36.006006006006004
3.3190628557210795,0.16055342023745156,blue,2.2302334233524905,22.52252252252252
11.511713073026433,0.3453205902230869,red,14.093225834652971,22.13213213213213
14.51927226767817,0.7659814991651768,red,23.652640676352224,41.92192192192192
11.30161759917499,0.11243162383922989,green,15.82019110661561,28.64864864864865
16.68746225466117,0.4797130795712282,blue,21.30804527514885,24.294294294294296
18.564933680464716,0.6110395323247251,blue,46.23974784747071,45.22522522522522
21.824503681137145,0.5955267845545709,blue,22.6559312495723,36.81681681681682
16.7671304758781,0.7709906047208618,blue,2.397096911182505,31.98198198198198
17.049768809428606,,red,42.60886639859904,33.393393393393396
14.962379488556765,0.3117521679432277,green,20.03366264886974,43.69369369369369
37.855478970506894,0.5499419275838574,green,38.71214732931334,38.07807807807808
10.47796754149611,,green,12.877427137231189,47.38738738738739
26.260690149477668,0.1072730278766093,green,39.43726663398513,44.17417417417417
33.21964209226245,0.8827151849488813,green,49.275731459114304,25.915915915915917
31.707914181980783,0.11086390634057175,green,92.5694991773494,29.3993993993994
29.299667632470907,0.3403557083310814,blue,49.09248142129718,26.396396396396398
13.651505352926797,0.20665914388288187,red,14.838819402708994,35.28528528528528
9.210203803662814,0.9208627158202977,green,7.012511633701493,34.86486486486486
10.794668566597558,0.7886727680616243,green,14.828313231072341,20.27027027027027
15.202521187378732,0.36124605193174997,blue,12.49484142538366,23.993993993993993
25.7069667674196,0.2527284411506766,red,62.92209205013896,20.03003003003003
24.326408219219,0.7496215288516866,blue,44.84821196503001,47.65765765765766
13.779292777338917,0.025674749226301974,green,27.669342568264884,20.36036036036036
28.758592958532084,0.6719262514694104,red,64.5462552737796,29.21921921921922
22.474912516981142,0.9758365249291443,red,39.59472701254491,21.92192192192192
33.7632175867583,0.38026479369848387,blue,107.23877761631287,20.99099099099099
23.76512126602826,0.21104460467065145,red,72.95840563094998,41.62162162162162
37.264461452468716,0.3173861773965281,green,151.5582460396307,27.47747747747748
28.982107166397725,0.8463263057047431,green,52.58684330275636,33.3033033033033
2.82814732375123,0.9603537274132222,green,2.5989446405523497,32.61261261261261
30.70779818661434,0.6821598902173732,blue,90.72760518750836,46.57657657657658
15.748624825627108,0.6029317603201041,red,22.62748018487177,24.144144144144143
5.688638145424811,0.6627062634457249,green,3.6947678619058113,27.8978978978979
21.49172421525745,0.250317914380461,green,54.81463732143483,35.61561561561562
24.047355297174676,0.8527429012583536,green,25.361203739588607,35.585585585585584
16.756828828919765,0.4922082140101771,red,36.61603814110475,33.6036036036036
11.503024563222603,0.08009676009509381,red,19.428117530504633,35.525525525525524
35.39749311968724,0.03451583916456813,red,104.84362656896086,34.26426426426426
10.802231523643652,0.38560817433968797,green,7.741777622979587,22.882882882882882
26.827036273226803,0.8400906564154359,green,81.32786612069245,22.4024024024024
36.64062655451233,0.3852154085786079,green,126.9840115327687,37.807807807807805
26.307703713048113,0.11432660016001128,green,62.9361147377105,33.453453453453456
23.28602201912225,0.6700677974555748,green,53.809086252671406,30.03003003003003
10.529801779666869,0.8454946448281951,green,19.62074832381548,29.51951951951952
14.452511157697785,0.04632176400549093,green,11.077720554558272,26.336336336336338
15.712591315910213,0.6164914188371761,blue,13.790942710621792,34.8048048048048
26.87497541654259,0.9270576946951617,green,79.32225121895956,23.213213213213212
22.62352486447314,0.7996573132553592,red,36.93444764462288,22.07207207207207
25.932252725047395,0.09680603251885522,blue,59.98780298774061,31.08108108108108
-1.5064243328901692,0.6784140056610223,red,-0.8374830736479366,46.486486486486484
23.737844303439452,0.298607133911853,red,26.93763395826238,41.351351351351354
17.191940449367003,0.034326415899530116,red,40.17427359326534,43.993993993993996
18.28928188260809,0.7671526454023644,red,37.446781166419086,33.333333333333336
11.139903467016747,0.8802624443071406,red,9.025939944901843,49.009009009009006
21.999735938047156,0.09971353389065685,red,52.93542533445929,22.762762762762762
23.828705961626177,0.9653750010403029,red,66.3870363118683,25.855855855855857
22.170695763521714,0.87036130203233,red,40.533508105545266,40.36036036036036
6.380139133727931,0.333481408228849,blue,1.6862271799197703,39.93993993993994
17.674798185785214,0.029541364339515153,blue,12.672276478169742,45.765765765765764
17.031777479416927,0.8407171507594559,red,11.687509599034437,47.41741741741742
19.408193353324627,0.02505726742044012,red,18.630899060498457,25.735735735735737
21.34108316928261,0.5421139671649375,blue,42.5026714955235,28.46846846846847
7.771863907732344,0.4710276061202665,blue,7.335056843190623,25.555555555555557
20.412183941224757,0.1320016923182944,blue,17.234412221617205,37.447447447447445
5.706671355703486,0.01269960093869793,red,3.9262035482508186,32.88288288288288
24.613841264128734,0.5429534607085461,green,28.3878120883586,45.46546546546546
6.278153766795645,0.63367553810225,blue,4.45384347109874,49.03903903903904
18.66030726014245,0.5624576027623455,blue,21.705082665271465,36.846846846846844
35.475863114975866,0.3402409374973926,blue,55.49753165585848,43.003003003003
28.28456712874163,0.29400324554771584,blue,39.89532181887616,45.55555555555556
14.285105024070669,0.8423319863591345,red,25.525897471749555,47.687687687687685
23.812430799636772,0.796901685046207,green,41.65066953835985,22.31231231231231
28.90754118276108,0.8876993182478492,red,45.32611767524625,43.54354354354354
26.06231443821604,0.38997994247869594,green,25.000832087257752,42.58258258258258
20.30757294090428,0.3164798431151098,red,32.715288394539016,30.81081081081081
8.80457947363597,0.9966093227835577,red,12.094859711157493,41.98198198198198
12.471171213852305,0.7377375798520603,blue,3.076866535911178,21.05105105105105
13.707259147089353,0.0002934787461947863,red,9.970509172855808,22.46246246246246
26.31020159880935,0.5453335606337103,red,61.352512538695784,27.147147147147148
21.238272828798085,0.6567688579973907,green,38.659584270857536,33.153153153153156
9.245822915564489,0.8964561638832164,red,15.322192291096385,21.32132132132132
14.413603338874406,0.543635274584327,blue,27.711202272158317,43.96396396396396
12.412808408030934,0.6169324733286115,blue,16.1219177445783,26.666666666666668
19.92144342811367,0.6079966374152979,green,40.632354836548444,41.89189189189189
23.46440879252903,0.5620091439087698,red,31.92271582854918,28.1981981981982
14.03094228187583,0.8710525542556832,green,11.827156265330961,26.426426426426428
19.5400664728054,0.8475148938141069,blue,8.9796287971665,35.825825825825824
16.545442578946542,0.6479514818219637,blue,13.591900493739146,49.42942942942943
32.67457824651735,0.9514048949162782,green,102.14223268231251,31.17117117117117
30.227713350652387,0.20230813834771855,green,64.19721894161607,21.86186186186186
13.25587020637063,,blue,19.505729746967564,20.24024024024024
19.50489968040912,0.3296320741307971,blue,37.04911362443213,45.34534534534534
16.175026468796144,0.8114619018388125,green,18.400861826701618,23.003003003003002
30.637421622636424,0.288307658311559,blue,119.52268740384743,47.327327327327325
21.109647270498005,0.16965981266179242,red,47.3359973617658,47.53753753753754
29.255694299431013,0.5201719397790407,red,86.09798692634504,25.255255255255257
19.334206407366977,0.17995811666044004,green,38.808199190771944,35.16516516516516
18.212268536046622,0.7479108680705895,red,15.521705648615818,40.030030030030034
13.031995035788375,0.1113080090039601,red,17.475668445431626,36.54654654654655
27.20609969294685,0.10697907441360632,green,16.060395639380324,38.1981981981982
29.952740526181053,0.38546080647259096,blue,34.772383843249756,43.153153153153156
8.606479155990947,0.01662209375152679,green,10.547750066408234,27.68768768768769
24.881597061450613,0.38502777318212156,blue,39.393527682618426,46.90690690690691
13.99227211241635,0.3759928046607466,red,17.01260173074646,30.27027027027027
23.254619371839766,0.5785092847635513,green,23.14833666759808,49.15915915915916
28.47626081994604,0.32611416184755104,blue,40.47745774219422,35.85585585585586
23.399676594465717,0.12547865039409167,green,47.337382474085146,27.26726726726727
30.92900691837281,0.06276150708147399,blue,89.30140472064845,21.74174174174174
32.804306845218306,0.8945589020769796,blue,54.16176549016256,47.77777777777778
18.958799097391356,0.30351159596124566,red,24.070624452978482,31.53153153153153
26.388061189581716,0.9822678785619409,blue,32.69259298686786,48.768768768768766
20.33680089649726,0.8796855238118677,red,42.6976442015173,48.46846846846847
23.33633706998677,0.5263368328645394,red,37.52786399823665,32.852852852852855
9.884499586010413,0.6357349527140203,red,11.369078010085682,37.14714714714715
24.73106702302624,0.005188157130335491,red,34.445246460333536,25.585585585585584
20.070469768599423,0.14102288770382543,blue,35.99484358824011,38.82882882882883
29.01749694320778,0.9802062207215316,green,57.18564840919924,32.552552552552555
21.08764091212189,0.9023617543999469,blue,41.35762047141728,48.1981981981982
23.75836224293967,0.7667789029446771,red,48.472689427596094,29.90990990990991
13.405085415630033,0.960346531643939,green,22.682885406930996,25.795795795795797
16.173685411299083,0.7491849611397234,blue,15.032207558063897,33.933933933933936
18.887984779706642,0.7482204931232292,blue,27.598077876827315,44.95495495495496
14.277437427378139,0.1512934833236883,green,20.130536419976917,34.2042042042042
12.721573684126916,0.16282926494454886,red,13.428544150953073,30.45045045045045
30.442502915612096,0.886749725960223,red,33.72443934103463,23.753753753753752
26.442644003406954,0.2613759922904093,blue,48.267800137218856,21.44144144144144
17.51879215449214,0.6869448997842604,blue,24.445394648991567,37.41741741741742
17.306669261677712,0.7022365812179976,red,11.963345381247736,24.264264264264263
10.835422769091414,0.09836334562202931,red,12.586431026525023,31.95195195195195
19.755153453964354,0.40551317410880017,green,40.79665282192727,29.60960960960961
22.91205579817418,0.4628260479004309,green,32.67146294589883,47.26726726726727
21.286298756759834,0.8090519878424547,red,36.24511427116541,20.12012012012012
14.9265444441751,0.6333335051732781,red,22.66802006780705,23.063063063063062
31.45040697653649,0.8078460612694909,green,86.70990847104396,20.6006006006006
23.948084616093155,0.8794903472767518,green,73.56904275637348,46.996996996997
34.84873432302015,0.5966840967665095,blue,57.07582575728936,39.66966966966967
20.942608023837096,0.40952731357373673,blue,4.040618664507428,21.26126126126126
21.080972078959228,0.17740742323889291,blue,53.77603271711613,37.11711711711712
23.639191624787518,0.5206246935788548,blue,40.64298175188192,34.08408408408408
24.675301901535175,0.4471170969971482,green,16.611389164846358,26.576576576576578
11.176245877716754,0.1461428492768605,red,13.863831896447554,47.98798798798799
9.119063577857585,0.5651505888285273,blue,13.907589134882146,25.825825825825824
5.8639530739051775,0.08910446997150778,red,8.34686092551406,47.47747747747748
22.52534551662763,0.09318550379912038,blue,8.260427067588276,24.504504504504503
20.096609037462976,0.8666623501713004,blue,54.53823555070704,49.849849849849846
25.10207896856151,0.38001667343831425,red,74.77312314489859,22.912912912912912
9.079853882787296,0.12512348728764577,blue,10.273899413814066,38.408408408408405
25.415675930985213,0.15125487507029967,red,32.67905933475239,20.93093093093093
7.338167132144048,0.11235636367679258,red,4.299214009716814,27.087087087087088
17.775716441403894,0.15781543440562718,blue,48.01193100766032,29.06906906906907
29.04161585288167,0.42328586249982214,blue,97.16147991635707,40.990990990990994
38.15015396229621,0.877448923711091,blue,83.77816691369837,42.22222222222222
24.985181703035632,0.015308660081883696,red,28.02344823297557,35.945945945945944
27.568337926496305,0.8052623520939073,blue,75.49515665837038,29.33933933933934
18.4514453350834,0.10825763614333173,green,19.455187394276926,25.105105105105103
21.63714262815625,0.33564678824727057,blue,46.80482922619387,22.49249249249249
9.612504784820906,0.9601167136042591,blue,6.782609180224705,47.5975975975976
10.58824322118084,0.6061107099342506,blue,6.8755443061096715,30.96096096096096
22.753970133558223,0.3736695116641964,red,64.67181233676291,29.72972972972973
14.346722041829352,0.062463121838110314,green,25.06809062537028,48.168168168168165
37.53951569501412,0.49306309832806006,red,56.39352249303652,28.4984984984985
15.275891108403936,0.10019425888813116,red,10.494535816897622,32.792792792792795
27.023486283723972,0.2985097287404813,blue,67.05902579581901,46.78678678678679
27.963392142556486,0.320717568923905,red,51.051618676642434,48.10810810810811
23.65038597208399,0.3701838230229715,green,78.2134077566963,24.984984984984983
29.600855490797333,0.770496401766698,green,29.966106588957736,21.38138138138138
23.09322903206281,0.15413107340551124,red,25.519187129802354,49.609609609609606
13.837749596424173,0.8801442912900918,green,6.002429417803825,27.62762762762763
8.301526208062832,0.8012912340316164,red,6.524316102837512,47.05705705705706
16.253546742622476,0.9730834256169574,green,12.076902353841652,45.4054054054054
15.757906433606692,0.7700373326275665,green,10.191057149096755,28.07807807807808
15.26633801983402,0.7609399597736516,red,23.23331433216215,35.55555555555556
13.354588831136892,0.20520939267210125,red,23.448663630330746,39.81981981981982
10.572725904500263,0.6577265522424356,red,5.190206880535272,48.01801801801802
27.713674230925577,0.011670915544161553,blue,50.684797075242635,33.9039039039039
19.25257209183856,0.02848807202603798,red,43.48386996732932,46.366366366366364
21.458635397202897,0.7236874210505313,green,41.857453022582085,47.74774774774775
7.27613796023517,0.3035283040085063,blue,6.394748221489017,28.94894894894895
24.706771372724134,0.45458791833268886,green,45.322944070728596,29.24924924924925
19.381502280732033,0.251005522051432,green,15.965496766838243,48.58858858858859
15.06082307534934,0.8939788212924492,red,30.702180608749487,42.82282282282282
22.11757536266255,0.582695680420668,red,51.11246992403952,35.645645645645644
10.744701380976558,0.9062121863893309,red,10.167397352197,31.65165165165165
22.652249671474806,0.3851009197660499,green,45.95502286073586,46.846846846846844
21.98349374671212,0.0013541211755518923,green,12.66386423790261,22.1021021021021
25.088113548614004,0.640446245040571,red,86.60081459588112,48.97897897897898
21.846896452714397,0.7918136035546177,blue,26.58607052699074,24.954954954954957
17.180417451643642,0.15944673813094135,green,24.57166185373048,44.8048048048048
11.2329919517938,0.6074804991805526,blue,7.348659908241773,43.393393393393396
33.196721499076034,0.26241788638510166,green,87.4596144302968,42.37237237237237
21.17350611357586,0.9369513234968098,red,11.508793244471969,23.453453453453452
28.681464952051428,0.9884625103254251,green,30.784839390273795,40.24024024024024
25.55149442193883,0.7709914852735016,blue,27.46579899513352,48.43843843843844
24.962690414479006,0.8134331599599808,green,58.54162348517077,24.864864864864863
31.548753567457503,0.5236003194525052,red,29.76062948259576,49.369369369369366
20.80632032788206,0.4520928857034864,green,14.205458276238986,37.23723723723724
37.43359512979644,0.9103921766971463,green,116.12283111719618,20.72072072072072
24.16438127738,0.43659023965380384,blue,37.49664022073627,31.32132132132132
23.325792417146886,0.8549452443463887,green,64.00895710492674,24.234234234234236
9.766753007850697,0.7782160131205204,green,9.754811297474458,42.16216216216216
14.761475180196143,0.2557852075156709,blue,17.10906424590042,49.729729729729726
9.432143597877719,0.8704895654859953,red,8.090741394663675,49.27927927927928
11.706931234964564,0.5927204652315248,green,19.325588308514984,26.906906906906908
28.24151882648833,0.9268500672733831,green,55.006738375684094,25.525525525525524
8.720709820524647,0.10536342470772742,blue,6.4235720415689475,40.33033033033033
21.047360579138193,0.6708289415507451,red,27.905435627719733,43.6036036036036
30.32956352137606,0.6150607573913764,green,47.81511171301536,30.12012012012012
20.066117811868544,0.8091979649042835,red,44.90242800741659,39.6996996996997
12.003093073230099,0.3647340093930713,green,14.167691375907467,35.1951951951952
24.17755568752016,0.7775422026753177,green,20.24572689086182,27.53753753753754
25.98837934075819,0.5925366393827619,green,19.34056388751521,37.087087087087085
19.83764631220136,0.6811667246134154,red,2.6717678587303877,22.37237237237237
10.076735797755777,0.06542084643016233,blue,2.727522093406581,38.01801801801802
12.949065783999917,0.08215547998405548,blue,14.187808268982483,38.43843843843844
9.308990006470381,0.19618346548541343,green,11.55439108556451,29.87987987987988
14.306451853530469,0.9510401848547498,green,27.242620999298786,26.186186186186184
29.39554497645511,0.46988067880724316,red,58.03742243326553,24.714714714714717
20.518532285538427,0.6747267397753336,red,35.302466392110944,49.93993993993994
15.512696431796131,0.5134295315564082,green,9.053415802779567,48.07807807807808
16.572569498674717,0.857528533683124,blue,28.789132636414628,44.38438438438438
15.941387184116913,0.6952554030123259,blue,16.013686732597204,44.354354354354356
18.86839574705465,0.2133462413794306,blue,25.455127967086604,49.33933933933934
24.563478385640575,0.13746576019148593,red,31.697135621648318,45.61561561561561
19.198563815855596,0.012931696836934403,green,27.69704955624567,42.912912912912915
24.457016098001272,0.6270504792822826,red,55.64225611367825,44.92492492492492
29.106300089613846,0.7066890812544313,red,56.93285819041738,47.95795795795796
13.387097018828538,0.0375348522196014,green,18.4864223638448,38.13813813813814
23.35870930417478,0.7470150276568776,red,36.829995172265015,46.30630630630631
16.079727604875416,0.7924190662164415,green,32.20126312768122,39.45945945945946
5.4102652187784575,0.16771566046429154,blue,3.1284856025526167,44.68468468468468
15.888878090661006,0.6676480868980507,blue,5.242253463001026,26.786786786786788
13.993195454432042,0.7107571134395182,green,15.542750482794833,24.624624624624623
16.07823087452979,0.9103802534457676,red,25.493387776337013,38.73873873873874
17.201079781886175,0.7817855186797262,green,9.49217571709583,44.05405405405405
24.79603352304668,0.16008761299177787,green,77.73170062021418,40.45045045045045
20.286940052097716,0.40885780029312946,green,39.10425455719421,46.06606606606607
25.990068273854668,0.7630411818008087,blue,9.289717452306132,35.1051051051051
23.588684791244688,0.8973843739400895,blue,36.339212333118645,46.726726726726724
35.66879924633851,0.9361802711833613,red,116.74924533439689,43.57357357357357
15.827151429147285,0.6762644207600584,green,24.689031262000345,45.37537537537537
40.30961714653733,0.5658699868512143,green,143.63010057080234,33.873873873873876
24.41903813713258,0.7279267433635516,blue,29.017290128053958,38.048048048048045
26.685540689411773,0.8803647743093657,green,77.68396303773692,29.45945945945946
20.625646611594384,0.8725519836697776,blue,15.984703666325478,44.26426426426426
27.097969436587675,0.5642778396835808,red,65.48577364764542,20.96096096096096
18.979765099332734,0.6462998193633998,green,30.525276895084367,29.6996996996997
2.5294365554570284,0.17433880624636133,green,1.8375801616577483,34.32432432432432
18.309529676273485,0.794462835378263,blue,30.19202042038008,42.76276276276276
19.600390560904113,0.7622450354971689,red,32.91016070073494,50.0
18.883629399569614,0.9198585458753347,green,22.67354124215084,20.69069069069069
31.408651561789398,0.591181040432455,blue,69.01476515260498,25.465465465465464
5.227187726821089,0.8840263268911651,green,2.9085620729208097,23.573573573573572
15.77469044653414,0.8008985891592967,green,19.383963109727997,33.36336336336336
21.15507157052275,0.5957951047983087,red,23.569841421729446,24.594594594594597
16.43763369851289,0.2118908540513027,red,22.33288506914754,44.86486486486486
20.211771341775474,0.2806798023383943,green,40.42124146534729,35.37537537537538
23.468542114245004,0.41644567154504686,green,35.21557009565518,20.42042042042042
14.74412005567349,0.43033817426166143,green,30.66674936573266,46.63663663663664
23.537799161587564,0.2149846741486231,blue,40.1961348918664,36.30630630630631
25.106997005007713,0.10703579777054173,red,42.03975817400894,34.054054054054056
23.807028566919527,0.6516455560730525,blue,21.989592269067966,32.432432432432435
24.460089140892265,0.32481402382454816,green,26.54296970273855,31.86186186186186
24.900323206789075,0.12956794464390298,red,17.081628762541378,44.62462462462462
19.64598849082737,0.9913764238973232,red,54.3687994402569,24.204204204204203
8.809095023583092,0.8907128980232,blue,15.275953691959108,35.31531531531532
7.854981337109382,0.00985193653330907,red,12.404805750900778,23.033033033033032
16.536069618724007,0.3952872824596605,red,15.049966463842694,22.67267267267267
26.49261017370665,0.5523164139100627,green,6.03286817351645,46.93693693693694
10.311660531823716,0.7659688348832526,blue,12.45711427321724,45.85585585585586
27.49038892739466,0.9502374548571593,red,36.35391802250514,30.15015015015015
11.305808806481586,0.7109412824378204,red,15.160169834956537,26.516516516516518
33.97109415291331,0.5732043951574087,blue,69.00887782832001,32.072072072072075
13.503154799916754,0.19436450737568656,green,16.03395511431178,41.29129129129129
16.78756432787038,0.8588540066594988,red,23.594242515410496,42.01201201201201
18.06844823888159,0.09369916684041535,blue,23.107789545169343,34.44444444444444
7.503295084098694,0.3679982733800473,blue,4.283517537796649,36.966966966966964
20.377809513367666,0.9115235009865646,red,26.68937586469531,40.510510510510514
23.149577617586544,0.18718134000923325,red,53.03591546426405,33.753753753753756
15.39563459610207,,green,19.920199292042913,47.83783783783784
10.612142526385039,0.08638610121469448,blue,15.620362006690163,44.02402402402402
14.3923900473823,0.7158947078273517,blue,14.887434219849958,33.06306306306306
31.98389260447785,0.9750805725472026,green,98.25973603027136,36.93693693693694
20.27541850978558,0.6198901008556321,red,43.27283991109461,30.75075075075075
31.44161508956242,0.93007971895724,blue,95.22977741117444,31.29129129129129
32.95690899288793,0.007468776521126985,green,39.410890047021965,27.5975975975976
15.716892970690555,0.9401349062572109,red,18.39981492063298,23.153153153153152
13.534119126199233,0.24480643298053784,blue,26.128756907482504,41.8018018018018
21.38816283738862,0.5202251234855918,red,22.580127358125157,42.28228228228228
12.2644870262476,0.8178430352824342,red,22.570952587676683,49.969969969969966
21.778587914706662,0.31229791936203666,green,30.24097812132998,47.927927927927925
22.463542032215067,0.2616720589369482,green,19.707890144159666,24.414414414414416
28.634937802128547,0.7345906490705884,green,27.682549011714368,34.56456456456456
18.11806640524139,0.59094624129993,blue,37.19846908041611,35.91591591591592
27.257370271526106,0.4497413953304952,green,88.78905681178975,22.43243243243243
13.809552409484505,0.4343106900497762,red,32.060490437689516,35.34534534534534
39.495889213442545,0.511844487857774,red,78.77958879907384,29.42942942942943
23.23147231927679,0.3167679534242389,red,39.805963975200505,39.03903903903904
16.10621590307243,0.36976385845825266,blue,26.61829875124135,43.753753753753756
23.62848298882144,0.49203672827795086,blue,13.650351634798579,28.7987987987988
23.03302158553318,0.9046180877181381,red,65.45744345982331,44.14414414414414
13.578549337303018,0.12013221064146351,green,9.70961248922011,21.41141141141141
30.909798408061448,0.805602338065406,red,101.06041748693109,41.38138138138138
7.981236125681624,0.006596708270208751,red,6.287193575081524,23.903903903903903
20.84218672358132,0.4874934663118612,green,41.898807678117024,31.62162162162162
10.270582731405835,0.05916722101019267,green,4.311821855451319,21.59159159159159
20.06109283569685,0.47375479941999943,green,55.51360809565997,24.444444444444443
13.355719621430127,0.82576896229627,red,4.776601962965086,28.25825825825826
31.14396928377497,0.8889245873465229,blue,83.89544714473288,21.89189189189189
16.048185054410254,0.6356202406471352,red,16.85977437838293,35.07507507507508
7.480864410153926,0.8647516065279088,green,8.794812273173857,30.39039039039039
23.295498888454095,0.9027522058413804,green,51.450792836845466,32.22222222222222
30.471766343761182,0.7349639511533903,green,38.566428574300566,49.75975975975976
27.404111030272674,0.043560923271843355,red,62.245778236408356,30.9009009009009
24.5943730488156,0.5980234929663131,green,66.59562532600546,47.807807807807805
18.49564995645325,0.9817972407791299,red,29.14595291884915,29.66966966966967
17.23170888821779,0.4206766155365107,red,18.560524138438133,22.73273273273273
23.844196282689524,0.528321524257775,green,39.38979217814238,29.36936936936937
27.809384892079372,0.8777634149665433,red,89.25062245842068,40.3003003003003
21.35174462875449,0.8255722452746258,red,62.17468914436651,27.237237237237238
16.30703038821879,0.23746898301827046,blue,10.507042026975784,43.18318318318318
23.28532705790554,0.11160594824072034,red,27.094053285730443,32.672672672672675
17.732241247367444,0.5547488493361975,blue,22.769184712054113,21.2012012012012
18.957033635602382,0.48818919367957625,blue,39.430124080673636,20.78078078078078
19.643085016005365,0.945557454703287,blue,27.614031887520948,43.24324324324324
30.453771686862154,0.925090621171708,blue,108.47450186959912,48.888888888888886
22.681592108809,0.6668042495835377,blue,17.881220227854318,37.77777777777778
24.08883892772512,0.8438398886868282,red,61.05922898961791,46.42642642642643
29.91455354312595,0.5708815658862045,red,51.13313635465593,41.77177177177177
28.62478691662615,0.9468410532006654,red,60.20846262285276,36.57657657657658
22.482457814056744,0.2601983828265606,red,22.44299393902395,48.91891891891892
25.457457198502215,0.6632502699323601,green,13.91614320283758,47.207207207207205
21.220570900811232,0.484739184514432,blue,9.337003106581886,34.71471471471472
16.539531627966234,0.2704603681070231,green,10.60165809867774,32.25225225225225
24.569674857238784,0.9662865370935939,blue,63.04823565855294,26.876876876876878
24.07564459136953,0.8725001039311246,green,8.822701863324308,45.49549549549549
7.977173533440273,0.3975109637569927,red,5.088900122166295,25.495495495495497
19.49410953170714,0.3258558118494569,blue,35.85284404908604,40.96096096096096
16.683865847916735,0.3075290197187588,red,26.082233316699806,38.25825825825826
23.970513818437304,0.3994050268165329,green,23.864588891204306,42.61261261261261
21.622649793013235,0.6093091341153983,red,38.839682847882216,27.2972972972973
22.19397088147688,0.20922449055167625,red,64.82664374427192,47.11711711711712
17.328871654518984,0.3681728085241306,blue,17.993709268802704,30.66066066066066
14.357321189631202,0.7305833598008572,red,26.45494544218011,24.534534534534536
20.912071593782976,0.18168577912686945,green,20.554898708877165,25.435435435435437
33.864818318309545,0.4936774749486248,green,141.46088302471676,42.792792792792795
13.46959635176546,0.6593075945915433,red,14.988785105553166,40.9009009009009
31.00541434802372,0.10219957207987307,red,94.38467244825938,39.78978978978979
21.21670184031775,0.1946384135598762,blue,20.444485641700872,44.5945945945946
23.79395925690276,0.8985170651928449,red,30.105639788496998,36.606606606606604
18.68662876480967,0.5108067011852456,red,36.858904419626164,28.55855855855856
